{
	"width" : 1241,
	"height" : 376,
	"intrinsic_matrix" :
	[
		7.188560000000e+02,
		0,
		0,
		0,
		7.188560000000e+02,
		0,
		6.071928000000e+02,
		1.852157000000e+02,
		1
	]
}