{
	"width" : 1392,
	"height" : 512,
	"intrinsic_matrix" :
	[
		9.597910e+02,
		0,
		0,
		0,
		9.569251e+02,
		0,
		6.960217e+02,
		2.241806e+02,
		1
	]
}