{
	"class_name" : "PoseGraph",
	"edges" : 
	[
		{
			"class_name" : "PoseGraphEdge",
			"confidence" : 1.0,
			"information" : 
			[
				294118.51738416997,
				-2081.0942077693658,
				18395.208272456253,
				0.0,
				-320183.22943347692,
				-4158.5327774375692,
				-2081.0942077693658,
				311724.67533076683,
				14028.768739187009,
				320183.22943347692,
				0.0,
				16153.999656821792,
				18395.208272456253,
				14028.768739187009,
				24926.241100122887,
				4158.5327774375692,
				-16153.999656821792,
				0.0,
				0.0,
				320183.22943347692,
				4158.5327774375692,
				566344.0,
				0.0,
				0.0,
				-320183.22943347692,
				0.0,
				-16153.999656821792,
				0.0,
				566344.0,
				0.0,
				-4158.5327774375692,
				16153.999656821792,
				0.0,
				0.0,
				0.0,
				566344.0
			],
			"source_node_id" : 0,
			"target_node_id" : 1,
			"transformation" : 
			[
				0.99999797662632139,
				0.0016247251209812155,
				0.0011861751744841201,
				0.0,
				-0.0016261262412707747,
				0.99999798023649755,
				0.0011812012417422493,
				0.0,
				-0.0011842536513604032,
				-0.0011831277223087187,
				0.9999985988750596,
				0.0,
				0.00014055096443084996,
				-9.2355590463568467e-05,
				-0.021267115377681074,
				1.0
			],
			"uncertain" : false,
			"version_major" : 1,
			"version_minor" : 0
		},
		{
			"class_name" : "PoseGraphEdge",
			"confidence" : 1.0,
			"information" : 
			[
				295381.90055989783,
				-1482.8766168993257,
				14585.734894849422,
				0.0,
				-324937.45017927885,
				-5551.5007049489905,
				-1482.8766168993257,
				312574.22678039561,
				16015.340937470493,
				324937.45017927885,
				0.0,
				13416.471691289227,
				14585.734894849422,
				16015.340937470493,
				25001.901827450387,
				5551.5007049489905,
				-13416.471691289227,
				0.0,
				0.0,
				324937.45017927885,
				5551.5007049489905,
				571075.0,
				0.0,
				0.0,
				-324937.45017927885,
				0.0,
				-13416.471691289227,
				0.0,
				571075.0,
				0.0,
				-5551.5007049489905,
				13416.471691289227,
				0.0,
				0.0,
				0.0,
				571075.0
			],
			"source_node_id" : 1,
			"target_node_id" : 2,
			"transformation" : 
			[
				0.99999759565442436,
				0.0020200675255503692,
				0.00085323652186470136,
				0.0,
				-0.0020213390608414764,
				0.99999684401928035,
				0.0014920254290798581,
				0.0,
				-0.00085021983695011082,
				-0.0014937465220449015,
				0.99999852292268743,
				0.0,
				3.9852993754525369e-05,
				0.00026922673828001949,
				-0.021044773501236527,
				1.0
			],
			"uncertain" : false,
			"version_major" : 1,
			"version_minor" : 0
		},
		{
			"class_name" : "PoseGraphEdge",
			"confidence" : 1.0,
			"information" : 
			[
				344276.88597665227,
				-2709.7915894079156,
				19166.468400907215,
				0.0,
				-348675.86143140495,
				-8874.9232637994901,
				-2709.7915894079156,
				362388.38849891041,
				22254.481958345943,
				348675.86143140495,
				0.0,
				16503.106883219254,
				19166.468400907215,
				22254.481958345943,
				27770.420171601661,
				8874.9232637994901,
				-16503.106883219254,
				0.0,
				0.0,
				348675.86143140495,
				8874.9232637994901,
				584382.0,
				0.0,
				0.0,
				-348675.86143140495,
				0.0,
				-16503.106883219254,
				0.0,
				584382.0,
				0.0,
				-8874.9232637994901,
				16503.106883219254,
				0.0,
				0.0,
				0.0,
				584382.0
			],
			"source_node_id" : 2,
			"target_node_id" : 3,
			"transformation" : 
			[
				0.9999993664275979,
				0.0010728937396217719,
				0.00034065147361012066,
				0.0,
				-0.0010727055648070939,
				0.99999927224396856,
				-0.00055209990561573834,
				0.0,
				-0.00034124357023133706,
				0.00055173413708907242,
				0.99999978957111235,
				0.0,
				-0.0001554587221170897,
				7.5054919265054719e-05,
				-0.020554113433959267,
				1.0
			],
			"uncertain" : false,
			"version_major" : 1,
			"version_minor" : 0
		},
		{
			"class_name" : "PoseGraphEdge",
			"confidence" : 1.0,
			"information" : 
			[
				273604.73566562898,
				-1062.9126742193976,
				9844.2020808352718,
				0.0,
				-299131.53495392203,
				-2237.5979349167537,
				-1062.9126742193976,
				288307.728190144,
				12940.236872858757,
				299131.53495392203,
				0.0,
				8061.2222223926419,
				9844.2020808352718,
				12940.236872858757,
				21520.887513820715,
				2237.5979349167537,
				-8061.2222223926419,
				0.0,
				0.0,
				299131.53495392203,
				2237.5979349167537,
				548458.0,
				0.0,
				0.0,
				-299131.53495392203,
				0.0,
				-8061.2222223926419,
				0.0,
				548458.0,
				0.0,
				-2237.5979349167537,
				8061.2222223926419,
				0.0,
				0.0,
				0.0,
				548458.0
			],
			"source_node_id" : 3,
			"target_node_id" : 4,
			"transformation" : 
			[
				0.99999941803163517,
				-0.00034382418189804692,
				0.0010226051640725784,
				0.0,
				0.00034667147355280672,
				0.99999606045722567,
				-0.0027854782207996746,
				0.0,
				-0.0010216434207053321,
				0.0027858311077785659,
				0.99999559768518931,
				0.0,
				0.00015074827803773842,
				-6.2817671492480548e-05,
				-0.020090958044791045,
				1.0
			],
			"uncertain" : false,
			"version_major" : 1,
			"version_minor" : 0
		}
	],
	"nodes" : 
	[
		{
			"class_name" : "PoseGraphNode",
			"pose" : 
			[
				1.0,
				0.0,
				0.0,
				0.0,
				0.0,
				1.0,
				0.0,
				0.0,
				0.0,
				0.0,
				1.0,
				0.0,
				0.0,
				0.0,
				0.0,
				1.0
			],
			"version_major" : 1,
			"version_minor" : 0
		},
		{
			"class_name" : "PoseGraphNode",
			"pose" : 
			[
				0.99999797662632128,
				-0.001626126241270773,
				-0.0011842536513604015,
				0.0,
				0.0016247251209812162,
				0.999997980236497,
				-0.0011831277223087195,
				0.0,
				0.0011861751744841212,
				0.0011812012417422475,
				0.99999859887505915,
				0.0,
				-0.00011517410330194402,
				0.00011770470063100701,
				0.021267142759328738,
				1.0
			],
			"version_major" : 1,
			"version_minor" : 0
		},
		{
			"class_name" : "PoseGraphNode",
			"pose" : 
			[
				0.99999127965559742,
				-0.0036484615904431115,
				-0.0020320779474121984,
				0.0,
				0.0036430115865375475,
				0.99998977496209174,
				-0.0026792606898429585,
				0.0,
				0.0020418323490558345,
				0.0026718344422598278,
				0.99999434609470228,
				0.0,
				-0.00011303764633822045,
				-9.5145732008269454e-05,
				0.042312599588415149,
				1.0
			],
			"version_major" : 1,
			"version_minor" : 0
		},
		{
			"class_name" : "PoseGraphNode",
			"pose" : 
			[
				0.99998604144775782,
				-0.0047220656215547089,
				-0.0023704442429646352,
				0.0,
				0.0047170198675419274,
				0.99998660694417107,
				-0.0021297079260665184,
				0.0,
				0.0023804691160541876,
				0.002118496765838208,
				0.99999492265622991,
				0.0,
				9.0993302492259595e-05,
				-0.00012738990951136577,
				0.062866400000898215,
				1.0
			],
			"version_major" : 1,
			"version_minor" : 0
		},
		{
			"class_name" : "PoseGraphNode",
			"pose" : 
			[
				0.99998466275313547,
				-0.0043775603911821049,
				-0.0033928194058965209,
				0.0,
				0.0043798134869447603,
				0.99999019278870016,
				0.00065693244321787033,
				0.0,
				0.0033899103703566003,
				-0.00067178228387552703,
				0.99999402859029285,
				0.0,
				8.6290132293336559e-06,
				-7.7409694074663131e-05,
				0.082957790802996922,
				1.0
			],
			"version_major" : 1,
			"version_minor" : 0
		}
	],
	"version_major" : 1,
	"version_minor" : 0
}